Variable / Field Name,Form Name,Section Header,Field Type,Field Label,"Choices, Calculations, OR Slider Labels",Field Note,Text Validation Type OR Show Slider Number,Text Validation Min,Text Validation Max,Identifier?,Branching Logic (Show field only if...),Required Field?,Custom Alignment,Question Number (surveys only),Matrix Group Name,Matrix Ranking?,Field Annotation
sennum,paternal_consent,,text,Unique Identifier,,,,,,y,,,,,,,
fathercontact,paternal_consent,,radio,Father of potential participant contacted,"1, Yes | 0, No",,,,,,,,,,,,
sensitization_number,maternal_preinfant_enrolment_visit_v1_form,,text,Sensitization Number,,,,,,,,,,,,,
anc_number_maternalv1,maternal_preinfant_enrolment_visit_v1_form,,text,ANC Number ,,,,,,,,,,,,,
q1_dov_maternalv1,maternal_preinfant_enrolment_visit_v1_form,,text,1. Date of Visit,,,date_dmy,,,y,,,,,,,
q2_inconobtain_maternalv1,maternal_preinfant_enrolment_visit_v1_form,CONFIRMATION OF INFORMED CONSENT,radio,2. Has informed consent  been obtained prior to subject's participation in the the study?,"1, Yes | 0, No",,,,,,,,,,,,
q3_doc_maternalv1,maternal_preinfant_enrolment_visit_v1_form,,text,3. Date of Consent,,,date_dmy,,,y,[q2_inconobtain_maternalv1]='1',,,,,,
q4_age_maternalv1,maternal_preinfant_enrolment_visit_v1_form,,text,4. Age of person giving consent:,,,number,18,100,,[q2_inconobtain_maternalv1]='1',,,,,,
q5_informmp_maternalv1,maternal_preinfant_enrolment_visit_v1_form,,radio,5. Did informed consent process require an impartial witness?    ,"1, Yes | 0, No",,,,,,[q2_inconobtain_maternalv1]='1',,,,,,
q6_conlanguage_maternalv1,maternal_preinfant_enrolment_visit_v1_form,,radio,6. Language of consent,"1, Mandinka | 2, English | 3, Wollof | 4, Fula",,,,,,[q2_inconobtain_maternalv1]='1',,,,,,
q7_notes,maternal_preinfant_enrolment_visit_v1_form,,notes,7. Notes,,,,,,,[q2_inconobtain_maternalv1] = '1',,,,,,
q8_respreinfant_maternalv1,maternal_preinfant_enrolment_visit_v1_form,,radio,8. Respondent relationship to infant,"1, Mother",,,,,,[q2_inconobtain_maternalv1]='1',,,,,,
q9_ethnicity_maternalv1,maternal_preinfant_enrolment_visit_v1_form,DEMOGRAPHIC INFORMATION,radio,9. Ethnicity,"1, Mandinka | 2, Wollof | 3, Fula | 4, Jola | 5, Serahule | 6, Others",,,,,,[q2_inconobtain_maternalv1]='1',,,,,,
q10_ethspecify_maternalv1,maternal_preinfant_enrolment_visit_v1_form,,text,10. Other (specify) ,,,,,,,[q2_inconobtain_maternalv1] = '1' and [q9_ethnicity_maternalv1] = '6',,,,,,
q11_weight_maternalv1,maternal_preinfant_enrolment_visit_v1_form,VITAL SIGNS,text,11. Weight (kilograms),,,number_1dp,35,200,,[q2_inconobtain_maternalv1]='1',,,,,,
q12_height_maternalv1,maternal_preinfant_enrolment_visit_v1_form,,text,12. Height (cm),,,number_1dp,130,215,,[q2_inconobtain_maternalv1]='1',,,,,,
q13_temp_maternalv1,maternal_preinfant_enrolment_visit_v1_form,,text,13. Temperature (Degree Celsius),,,number,36,38,,[q2_inconobtain_maternalv1]='1',,,,,,
q14_resprate_maternalv1,maternal_preinfant_enrolment_visit_v1_form,,text,14. Respiratory rate (Cycles/min),,,number,12,35,,[q2_inconobtain_maternalv1]='1',,,,,,
q15_heartrate_maternalv1,maternal_preinfant_enrolment_visit_v1_form,,text,15. Heart rate (beats/min),,,number,60,120,,[q2_inconobtain_maternalv1]='1',,,,,,
q16_sysbp_maternalv1,maternal_preinfant_enrolment_visit_v1_form,,text,16. Systolic Blood pressure (mmHg),,,number,80,140,,[q2_inconobtain_maternalv1]='1',,,,,,
q17_diabp_maternalv1,maternal_preinfant_enrolment_visit_v1_form,,text,17. Diastolic Blood Pressure (mmHg),,,number,50,100,,[q2_inconobtain_maternalv1] = '1',,,,,,
q18_comments_maternalv1,maternal_preinfant_enrolment_visit_v1_form,,notes,18. Comments,,,,,,y,[q2_inconobtain_maternalv1]='1',,,,,,
q19_nursename_maternalv1,maternal_preinfant_enrolment_visit_v1_form,,text,19. Nurse or physician's Name,,,,,,y,[q2_inconobtain_maternalv1]='1',,,,,,
q20_medichist_maternalv1,maternal_preinfant_enrolment_visit_v1_form,PHYSICAL EVALUATION,notes,20. Medical history,,,,,,y,[q2_inconobtain_maternalv1]='1',,,,,,
q21_dose1date_maternalv1,maternal_preinfant_enrolment_visit_v1_form,MATERNAL TETANUS VACCINATIONS,text,21. Dose1,,,date_dmy,,,y,[q2_inconobtain_maternalv1]='1',,,,,,
q22_dose2date_maternalv1,maternal_preinfant_enrolment_visit_v1_form,,text,22. Dose2,,,date_dmy,,,y,[q2_inconobtain_maternalv1]='1',,,,,,
q23_dose3date_maternalv1,maternal_preinfant_enrolment_visit_v1_form,,text,23. Dose3,,,date_dmy,,,y,[q2_inconobtain_maternalv1]='1',,,,,,
q24_dose4date_maternalv1,maternal_preinfant_enrolment_visit_v1_form,,text,24. Dose4,,,date_dmy,,,y,[q2_inconobtain_maternalv1]='1',,,,,,
q25_dose5date_maternalv1,maternal_preinfant_enrolment_visit_v1_form,,text,25. Dose5,,,date_dmy,,,y,[q2_inconobtain_maternalv1]='1',,,,,,
q26_notesteta_maternalv1,maternal_preinfant_enrolment_visit_v1_form,,notes,26. Notes for Tetanus Vaccines,,,,,,,[q2_inconobtain_maternalv1] = '1',,,,,,
q27_hasanymedication,maternal_preinfant_enrolment_visit_v1_form,MATERNAL  MEDICATIONS IN THE PAST 4 WEEKS,radio,27. Has any medication been given to mother,"1, Yes | 2, No",,,,,,[q2_inconobtain_maternalv1] = '1',,,,,,
q28_prevmed1_maternalv1,maternal_preinfant_enrolment_visit_v1_form,,text,"28. Medication 1
",,(Generic preferred but brand name for combination product),,,,y,[q2_inconobtain_maternalv1] = '1' and [q27_hasanymedication] = '1',,,,,,
q29_sdatead1_maternalv1,maternal_preinfant_enrolment_visit_v1_form,,text,29. Start Date of Administration 1,,,date_dmy,,,,[q2_inconobtain_maternalv1] = '1' and [q27_hasanymedication] = '1',,,,,,
q30_ongomed1_maternalv1,maternal_preinfant_enrolment_visit_v1_form,,yesno,30. Specify if on-going with Medication1 intake,,,,,,,[q2_inconobtain_maternalv1] = '1' and [q27_hasanymedication] = '1',,,,,,
q31_edatedm1_marternalv1,maternal_preinfant_enrolment_visit_v1_form,,text,31. Give End Date of administration1,,,date_dmy,,,,[q2_inconobtain_maternalv1] = '1' and [q30_ongomed1_maternalv1] = '0' and [q27_hasanymedication] = '1',,,,,,
q32_prevmed2_maternalv1,maternal_preinfant_enrolment_visit_v1_form,,text,32. Medication 2,, (Generic preferred but brand name for combination product),,,,y,[q2_inconobtain_maternalv1] = '1' and [q27_hasanymedication] = '1',,,,,,
q33_sdatead2_marternalv1,maternal_preinfant_enrolment_visit_v1_form,,text,33. Start Date of Administration2,,,date_dmy,,,,[q2_inconobtain_maternalv1] = '1' and [q27_hasanymedication] = '1',,,,,,
q34_ongomed2_maternalv1,maternal_preinfant_enrolment_visit_v1_form,,yesno,34. Specify if on-going with Medication2 intake,,,,,,,[q2_inconobtain_maternalv1] = '1' and [q27_hasanymedication] = '1',,,,,,
q35_edatead2_maternalv1,maternal_preinfant_enrolment_visit_v1_form,,text,35. Give End Date of administration2,,,date_dmy,,,,[q2_inconobtain_maternalv1] = '1' and [q34_ongomed2_maternalv1] = '0' and [q27_hasanymedication] = '1',,,,,,
q36_prevmed3_maternalv1,maternal_preinfant_enrolment_visit_v1_form,,text,36. Medication 3 ,,(Generic preferred but brand name for combination product),,,,y,[q2_inconobtain_maternalv1] = '1' and [q27_hasanymedication] = '1',,,,,,
q37_sdatead3_maternalv1,maternal_preinfant_enrolment_visit_v1_form,,text,37. Start Date of Administration 3,,,date_dmy,,,,[q2_inconobtain_maternalv1] = '1' and [q27_hasanymedication] = '1',,,,,,
q38_ongomed3_maternalv1,maternal_preinfant_enrolment_visit_v1_form,,yesno,38. Specify if on-going with Medication3 intake,,,,,,,[q2_inconobtain_maternalv1] = '1' and [q27_hasanymedication] = '1',,,,,,
q39_edatead3_maternalv1,maternal_preinfant_enrolment_visit_v1_form,,text,39.Give End Date of administration3,,,date_dmy,,,,[q38_ongomed3_maternalv1] = '0' and [q2_inconobtain_maternalv1] = '1' and [q27_hasanymedication] = '1',,,,,,
q40_prevmed4_maternalv1,maternal_preinfant_enrolment_visit_v1_form,,text,40. Medication 4,,(Generic preferred but brand name for combination product),,,,y,[q2_inconobtain_maternalv1] = '1' and [q27_hasanymedication] = '1',,,,,,
q41_sdatead4,maternal_preinfant_enrolment_visit_v1_form,,text,41. Give Start Date of administration4,,,date_dmy,,,,[q2_inconobtain_maternalv1] = '1' and [q27_hasanymedication] = '1',,,,,,
q42_ongomed4_maternalv1,maternal_preinfant_enrolment_visit_v1_form,,yesno,42. Specify if on-going with medication4 intake,,,,,,,[q2_inconobtain_maternalv1] = '1' and [q27_hasanymedication] = '1',,,,,,
q43_edatead4_maternalv1,maternal_preinfant_enrolment_visit_v1_form,,text,43. End Date of Adminstration 4,,,date_dmy,,,,[q2_inconobtain_maternalv1] = '1' and [q42_ongomed4_maternalv1] = '0' and [q27_hasanymedication] = '1',,,,,,
q44_samcolle_maternalv1,maternal_preinfant_enrolment_visit_v1_form,MATERNAL PIN PRICK,radio,44. Maternal pin prick to exclude HIV and Hep B done              ,"1, Yes | 0, No",,,,,,[q2_inconobtain_maternalv1]='1',,,,,,
q45_timecol_maternalv1,maternal_preinfant_enrolment_visit_v1_form,,text,45. Time of prick,,,time,,,,[q2_inconobtain_maternalv1] = '1' and [q44_samcolle_maternalv1] = '1',,,,,,
q46_evisincon_maternalv1,maternal_preinfant_enrolment_visit_v1_form,INCLUSION CRITERIA,radio,46. Evidence of a personally signed and dated Informed Consent Document (ICD) indicating that the subject consented,"0, Yes | 1, No",,,,,,[q2_inconobtain_maternalv1] = '1' and [q44_samcolle_maternalv1] = '1',,,,inclusion_criteria,,
q47_gesage_maternalv1,maternal_preinfant_enrolment_visit_v1_form,,radio,47. Gestational Age above 36 weeks,"0, Yes | 1, No",,,,,,[q2_inconobtain_maternalv1] = '1' and [q44_samcolle_maternalv1] = '1',,,,inclusion_criteria,,
q48_incrimet_maternalv1,maternal_preinfant_enrolment_visit_v1_form,,radio,48. Inclusion criteria met,"1, Yes",,,,,,[q2_inconobtain_maternalv1] = '1' and [q44_samcolle_maternalv1] = '1' and [q46_evisincon_maternalv1] = '0' and [q47_gesage_maternalv1] = '0' and [q44_samcolle_maternalv1] = '1',,,,,,
q49_criterianum_maternalv1,maternal_preinfant_enrolment_visit_v1_form,,text,"49. If Inclusion Criteria not met, enter Criterion number",,"If multiple criteria apply, enter all numbers and separate with commas.",,,,,[q2_inconobtain_maternalv1] = '1' and [q44_samcolle_maternalv1] = '1' and [q46_evisincon_maternalv1] = '1' or  [q47_gesage_maternalv1] = '1',,,,,,
q50_details_maternalv1,maternal_preinfant_enrolment_visit_v1_form,,notes,50. Enter details for Inclusion Criteria not met (If relevant),,,,,,,[q2_inconobtain_maternalv1] = '1' and [q44_samcolle_maternalv1] = '1' and [q46_evisincon_maternalv1] = '1' or  [q47_gesage_maternalv1] = '1',,,,,,
q51_hivpos_maternalv1,maternal_preinfant_enrolment_visit_v1_form,EXCLUSION CRITERIA,radio,51. HIV Postive,"0, Yes | 1, No",,,,,,[q2_inconobtain_maternalv1] = '1' and [q44_samcolle_maternalv1] = '1',,,,exclusion_criteria,,
q52_hepbpos_maternalv1,maternal_preinfant_enrolment_visit_v1_form,,radio,52. Hep B Positive,"0, Yes | 1, No",,,,,,[q2_inconobtain_maternalv1] = '1' and [q44_samcolle_maternalv1] = '1',,,,exclusion_criteria,,
q53_antuse_maternalv1,maternal_preinfant_enrolment_visit_v1_form,,radio,53. Antibiotic use by mother in the week prior to delivery,"0, Yes | 1, No",,,,,,[q2_inconobtain_maternalv1] = '1' and [q44_samcolle_maternalv1] = '1',,,,exclusion_criteria,,
q54_tbdiag_maternalv1,maternal_preinfant_enrolment_visit_v1_form,,radio,54. TB Diagnosis in mother or family member in the past 6 weeks,"0, Yes | 1, No",,,,,,[q2_inconobtain_maternalv1] = '1' and [q44_samcolle_maternalv1] = '1',,,,exclusion_criteria,,
q55_others_maternalv1,maternal_preinfant_enrolment_visit_v1_form,,radio,55. Others,"0, Yes | 1, No",,,,,,[q2_inconobtain_maternalv1] = '1' and [q44_samcolle_maternalv1] = '1',,,,exclusion_criteria,,
q56_otspecify_maternalv1,maternal_preinfant_enrolment_visit_v1_form,,notes,56. Others specify,,,,,,y,[q2_inconobtain_maternalv1] = '1' and [q44_samcolle_maternalv1] = '1' and [q55_others_maternalv1] = '0',,,,,,
q57_excrimet_maternalv1,maternal_preinfant_enrolment_visit_v1_form,,radio,57. Exclusion Criteria met,"1, Yes",,,,,,[q2_inconobtain_maternalv1] = '1' and [q44_samcolle_maternalv1] = '1' and [q51_hivpos_maternalv1] = '1' and [q52_hepbpos_maternalv1] = '1' and [q53_antuse_maternalv1] = '1' and [q54_tbdiag_maternalv1] = '1' and [q55_others_maternalv1] = '1',,,,,,
q58_exclcri_maternalv1,maternal_preinfant_enrolment_visit_v1_form,,text,"58. If Exclusion Criteria not met, enter Criterion number",,"If multiple criteria apply, enter all numbers and separate with commas.",,,,,[q2_inconobtain_maternalv1] = '1' and [q44_samcolle_maternalv1] = '1' and [q51_hivpos_maternalv1] = '0' or [q51_hivpos_maternalv1] = '2' or [q52_hepbpos_maternalv1] = '0' or [q52_hepbpos_maternalv1] = '2' or [q53_antuse_maternalv1] = '0' or [q53_antuse_maternalv1] = '2' or [q54_tbdiag_maternalv1] = '0' or [q54_tbdiag_maternalv1] = '2' or [q55_others_maternalv1] = '0' or [q55_others_maternalv1] = '2',,,,,,
q59_crinotmet_maternalv1,maternal_preinfant_enrolment_visit_v1_form,,notes,59. Enter details for Exclusion criteria not met (if relevant),,,,,,,[q2_inconobtain_maternalv1] = '1' and [q44_samcolle_maternalv1] = '1'  and [q51_hivpos_maternalv1] = '0' or [q51_hivpos_maternalv1] = '2' or [q52_hepbpos_maternalv1] = '0' or [q52_hepbpos_maternalv1] = '2' or [q53_antuse_maternalv1] = '0' or [q53_antuse_maternalv1] = '2' or [q54_tbdiag_maternalv1] = '0' or [q54_tbdiag_maternalv1] = '2' or [q55_others_maternalv1] = '0' or [q55_others_maternalv1] = '2',,,,,,
q60_name,maternal_preinfant_enrolment_visit_v1_form,,text,60. Name,,,,,,,[q2_inconobtain_maternalv1] = '1' and [q44_samcolle_maternalv1] = '1',,,,,,
q61_signature,maternal_preinfant_enrolment_visit_v1_form,,file,61. Signature,,,signature,,,,[q2_inconobtain_maternalv1] = '1' and [q44_samcolle_maternalv1] = '1',,,,,,
q62_date,maternal_preinfant_enrolment_visit_v1_form,,text,62. Date,,,date_dmy,,,,[q2_inconobtain_maternalv1] = '1' and [q44_samcolle_maternalv1] = '1',,,,,,
q63_cordblood_maternalv1,maternal_preinfant_enrolment_visit_v1_form,DELIVERY ACTIVITIES,radio,63. Cord blood sample collected,"1, Yes | 0, No",,,,,,[q2_inconobtain_maternalv1] = '1' and [q44_samcolle_maternalv1] = '1' and [q48_incrimet_maternalv1] = '1' and [q57_excrimet_maternalv1] = '1',,,,,,
q64_cordvol_maternalv1,maternal_preinfant_enrolment_visit_v1_form,,text,64. Volume of Blood(ml),,Please enter value to one decimal place. E.g. 00.0,number_1dp,,,,[q2_inconobtain_maternalv1] = '1' and [q63_cordblood_maternalv1] = '1' and [q48_incrimet_maternalv1] = '1' and [q57_excrimet_maternalv1] = '1' and [q44_samcolle_maternalv1] = '1',,,,,,
q65_date,maternal_preinfant_enrolment_visit_v1_form,,text,65. Date of collection,,,date_dmy,,,,[q2_inconobtain_maternalv1] = '1' and [q63_cordblood_maternalv1] = '1' and [q48_incrimet_maternalv1] = '1' and [q57_excrimet_maternalv1] = '1' and [q44_samcolle_maternalv1] = '1',,,,,,
q66_cordtimecol_maternalv1,maternal_preinfant_enrolment_visit_v1_form,,text,66. Time of collection(hr),,,time,,,,[q2_inconobtain_maternalv1] = '1' and [q63_cordblood_maternalv1] = '1' and [q48_incrimet_maternalv1] = '1' and [q57_excrimet_maternalv1] = '1' and [q44_samcolle_maternalv1] = '1',,,,,,
q67_visit_id,maternal_preinfant_enrolment_visit_v1_form,,text,67. Visit ID,,,,,,,[q2_inconobtain_maternalv1] = '1' and [q63_cordblood_maternalv1] = '1' and [q48_incrimet_maternalv1] = '1' and [q57_excrimet_maternalv1] = '1' and [q44_samcolle_maternalv1] = '1',,,,,,
q68_notes_maternalv1,maternal_preinfant_enrolment_visit_v1_form,,notes,68. Notes,,,,,,,[q2_inconobtain_maternalv1] = '1' and [q63_cordblood_maternalv1] = '1' and [q48_incrimet_maternalv1] = '1' and [q57_excrimet_maternalv1] = '1' and [q44_samcolle_maternalv1] = '1',,,,,,
q69_phynursena_maternalv1,maternal_preinfant_enrolment_visit_v1_form,,text,69. Physician /Nurse Name,,,,,,y,[q2_inconobtain_maternalv1] = '1' and [q48_incrimet_maternalv1] = '1' and [q57_excrimet_maternalv1] = '1' and [q44_samcolle_maternalv1] = '1',,,,,,
q70_physign_maternalv1,maternal_preinfant_enrolment_visit_v1_form,,file,70. Signature,,,signature,,,y,[q2_inconobtain_maternalv1] = '1' and [q48_incrimet_maternalv1] = '1' and [q57_excrimet_maternalv1] = '1' and [q44_samcolle_maternalv1] = '1',,,,,,
q71_phydate_maternalv1,maternal_preinfant_enrolment_visit_v1_form,,text,71. Date ,,,date_dmy,,,y,[q2_inconobtain_maternalv1] = '1' and [q48_incrimet_maternalv1] = '1' and [q57_excrimet_maternalv1] = '1' and [q44_samcolle_maternalv1] = '1',,,,,,
q77_alvisitcom_maternalv1,maternal_preinfant_enrolment_visit_v1_form,,radio,72. Have all maternal activities been completed?,"1, Yes | 0, No",,,,,,[q2_inconobtain_maternalv1] = '1' and [q48_incrimet_maternalv1] = '1' and [q57_excrimet_maternalv1] = '1' and [q44_samcolle_maternalv1] = '1',,,,,,
q78_predelno_maternalv1,maternal_preinfant_enrolment_visit_v1_form,,text,73. Name,,,,,,,[q2_inconobtain_maternalv1] = '1' and [q48_incrimet_maternalv1] = '1' and [q57_excrimet_maternalv1] = '1' and [q44_samcolle_maternalv1] = '1',,,,,,
q79_signature,maternal_preinfant_enrolment_visit_v1_form,,file,74. Signature,,,signature,,,,[q2_inconobtain_maternalv1] = '1' and [q48_incrimet_maternalv1] = '1' and [q57_excrimet_maternalv1] = '1' and [q44_samcolle_maternalv1] = '1',,,,,,
q80_date,maternal_preinfant_enrolment_visit_v1_form,,text,75. Date,,,date_dmy,,,,[q2_inconobtain_maternalv1] = '1' and [q48_incrimet_maternalv1] = '1' and [q57_excrimet_maternalv1] = '1' and [q44_samcolle_maternalv1] = '1',,,,,,
sensitization_number_v1,enrolment_visit_v1_form,,text,Sensitization Number,,,,,,,,,,,,,
anc_number,enrolment_visit_v1_form,,text,1. ANC Number ,,,,,,,,,,,,,
q1_dov_enrolv1,enrolment_visit_v1_form,,text,2. Date of Visit,,,date_dmy,,,y,,y,,,,,
q2_consentobtain_enrolv1,enrolment_visit_v1_form,CONFIRMATION OF INFORMED CONSENT,radio,3. Has informed consent  been obtained prior to subject's particpation in the the study?,"1, Yes | 0, No",,,,,,,,,,,,
q3_rel_enrolv1,enrolment_visit_v1_form,,radio,4. Respondent relationship to infant,"1, Mother | 2, Other","If consenting person is  'Other' , then immediately stop and rectify situation",,,,y,[q2_consentobtain_enrolv1] = '1',,,,,,
q4_dob_enrolv1,enrolment_visit_v1_form,DEMOGRAPHIC INFORMATION,text,5. Date/Time of birth,,,datetime_dmy,,,,[q3_rel_enrolv1] = '1',,,,,,
q5_timeofbirth_enrolv1,enrolment_visit_v1_form,,text,6. Date/Time of form ,,,datetime_dmy,,,,[q3_rel_enrolv1] = '1',,,,,,
q7_age_in_hours,enrolment_visit_v1_form,,calc,7. Age in hours,"datediff ([q4_dob_enrolv1], [q5_timeofbirth_enrolv1], ""h"", ""dmy"")",,,,,,[q3_rel_enrolv1] = '1',,,,,,
q8_sex_enrolv1,enrolment_visit_v1_form,,radio,8. Sex,"1, Male | 2, Female",,,,,,[q3_rel_enrolv1] = '1',,,,,,
q9_ethnicity_enrolv1,enrolment_visit_v1_form,,radio,9. Ethnicity ,"1, Mandinka | 2, Wollof | 3, Fula | 4, Jola | 5, Serehule | 6, Other",,,,,,[q3_rel_enrolv1] = '1',,,,,,
q10_otherethnicity_enrolv1,enrolment_visit_v1_form,,text,10. Other specify,,,,,,,[q3_rel_enrolv1] = '1' and [q9_ethnicity_enrolv1] = '6',,,,,,
q11_weight_enrolv1,enrolment_visit_v1_form,,text,11. Weight (grams),,,number,2500,9000,,[q3_rel_enrolv1] = '1',,,,,,
q12_length_enrolv1,enrolment_visit_v1_form,,text,12. Lenght (cm),,,number,45,70,,[q3_rel_enrolv1] = '1',,,,,,
q13_temp_enrolv1,enrolment_visit_v1_form,,text,13. Temperature (celcius),,,number_1dp,36.5,37.7,,[q3_rel_enrolv1] = '1',,,,,,
q14_resprate_enrolv1,enrolment_visit_v1_form,,text,14. Respiratory rate (cycles/min),,,number,30,55,,[q3_rel_enrolv1] = '1',,,,,,
q15_heartrate_enrolv1,enrolment_visit_v1_form,,text,15. Heart rate (beats/min),,,number,90,150,,[q3_rel_enrolv1] = '1',,,,,,
q16_hcircum_enrolv1,enrolment_visit_v1_form,,text,16. Head circumference (cm),,,number,32,45,,[q3_rel_enrolv1] = '1',,,,,,
q17_apgarsco_enrolv1,enrolment_visit_v1_form,,text,17. APGAR Score (5th minute),,,number,8,10,,[q3_rel_enrolv1] = '1',,,,,,
q18_comments_enrolv1,enrolment_visit_v1_form,,notes,18. Comments,,,,,,y,[q3_rel_enrolv1] = '1',,,,,,
q19_medichistory_enrolv1,enrolment_visit_v1_form,PHYSICAL EVALUATION,notes,19. Medical history,,,,,,y,[q3_rel_enrolv1] = '1',,,,,,
q20_apearanega_enrolv1,enrolment_visit_v1_form,PHYSICAL ASSESSMENT,radio,20. General appearance,"1, Normal | 2, Abnormal",,,,,,[q3_rel_enrolv1] = '1',,,,,,
q21_comments,enrolment_visit_v1_form,,notes,21. Comments,,,,,,,[q3_rel_enrolv1] = '1',,,,,,
q22_egawks_enrolv1,enrolment_visit_v1_form,,text,22. EGA (weeks),,,number,36,42,,[q3_rel_enrolv1] = '1',,,,,,
q23_appearcomment_enrolv1,enrolment_visit_v1_form,,notes,23. Comments,,,,,,y,[q3_rel_enrolv1] = '1',,,,,,
q24_urogenital_enrolv1,enrolment_visit_v1_form,,radio,24. Urogenital/Genitalia,"1, Normal | 2, Abnormal",,,,,,[q3_rel_enrolv1] = '1',,,,,,
q25_urogenital_enrolv1,enrolment_visit_v1_form,,notes,25. Comments,,,,,,y,[q3_rel_enrolv1] = '1',,,,,,
q26_extremites_enrolv1,enrolment_visit_v1_form,,radio,26. Extremites to include hip Exam,"1, Normal | 2, Abnormal",,,,,,[q3_rel_enrolv1] = '1',,,,,,
q27_extremitescom_enrolv1,enrolment_visit_v1_form,,notes,27. Comments,,,,,,y,[q3_rel_enrolv1] = '1',,,,,,
q28_skin_enrolv1,enrolment_visit_v1_form,,radio,28. Skin,"1, Normal | 2, Abnormal",,,,,,[q3_rel_enrolv1] = '1',,,,,,
q29_skincomment_enrolv1,enrolment_visit_v1_form,,notes,29. Comments,,,,,,y,[q3_rel_enrolv1] = '1',,,,,,
q30_centapearance_enrolv1,enrolment_visit_v1_form,,radio,30. Central Nervous system,"1, Normal | 2, Abnormal",,,,,,[q3_rel_enrolv1] = '1',,,,,,
q31_centnercomment_enrolv1,enrolment_visit_v1_form,,notes,31. Comments,,,,,,y,[q3_rel_enrolv1] = '1',,,,,,
q32_cardiovascula_enrolv1,enrolment_visit_v1_form,,radio,32. Cardiovascular system ,"1, Normal | 2, Abnormal",,,,,,[q3_rel_enrolv1] = '1',,,,,,
q33_o2_sat,enrolment_visit_v1_form,,text,33. O2 sat (%),,,integer,1,100,,[q3_rel_enrolv1] = '1',,,,,,
q34_cardvascomment_enrolv1,enrolment_visit_v1_form,,notes,34. Comments,,,,,,y,[q3_rel_enrolv1] = '1',,,,,,
q35_respiratory_enrolv1,enrolment_visit_v1_form,,radio,35. Respiratory System,"1, Normal | 2, Abnormal",,,,,,[q3_rel_enrolv1] = '1',,,,,,
q36_respcomment_enrolv1,enrolment_visit_v1_form,,notes,36. Comments,,,,,,y,[q3_rel_enrolv1] = '1',,,,,,
q37_abdomen_enrolv1,enrolment_visit_v1_form,,radio,37. Abdomen to include anal patency,"1, Normal | 2, Abnormal",,,,,,[q3_rel_enrolv1] = '1',,,,,,
q38_abdomcomment_enrolv1,enrolment_visit_v1_form,,notes,38. Comments,,,,,,y,[q3_rel_enrolv1] = '1',,,,,,
q39_spine_enrolv1,enrolment_visit_v1_form,,radio,39. Spine,"1, Normal | 2, Abnormal",,,,,,[q3_rel_enrolv1] = '1',,,,,,
q40_spinecom_enrolv1,enrolment_visit_v1_form,,notes,40. Comments,,,,,,,[q3_rel_enrolv1] = '1',,,,,,
q41_otherpa_enrolv1,enrolment_visit_v1_form,,radio,41. Other Physical finding,"1, Yes | 0, None",,,,,,[q3_rel_enrolv1] = '1',,,,,,
q42_otherspecifypa_enrolv1,enrolment_visit_v1_form,,notes,42. Others specify,,,,,,y,[q3_rel_enrolv1] = '1' and [q41_otherpa_enrolv1] = '1' and [q41_otherpa_enrolv1] = '1',,,,,,
q43_assesmentdia_enrolv1,enrolment_visit_v1_form,,notes,43. Assessment,,,,,,y,[q3_rel_enrolv1] = '1',,,,,,
q44_prevmedicat1_enrolv1,enrolment_visit_v1_form,MEDICATIONS,radio,44. Has any vaccine been administered,"1, Yes | 2, No",,,,,,[q3_rel_enrolv1] = '1',,,,,,
q45_dateprevious1_enrolv1,enrolment_visit_v1_form,,text,45. Vaccination 1,,,,,,,[q3_rel_enrolv1] = '1' and [q44_prevmedicat1_enrolv1] = '1',,,,,,
q46_prevmedicat2_enrolv1,enrolment_visit_v1_form,,text,46. Date of administration 1,,,date_dmy,,,,[q3_rel_enrolv1] = '1' and [q44_prevmedicat1_enrolv1] = '1',,,,,,
q47_dateprevious2_enrolv1,enrolment_visit_v1_form,,text,47. Vaccination 2,,,,,,,[q3_rel_enrolv1] = '1' and [q44_prevmedicat1_enrolv1] = '1',,,,,,
q48_prevmedicat3_enrolv1,enrolment_visit_v1_form,,text,48. Date of administration 2,,,date_dmy,,,,[q3_rel_enrolv1] = '1' and [q44_prevmedicat1_enrolv1] = '1',,,,,,
q49_dateprevious3_enrolv1,enrolment_visit_v1_form,,text,49. Vaccination 3,,,,,,,[q3_rel_enrolv1] = '1' and [q44_prevmedicat1_enrolv1] = '1',,,,,,
q50_prevmedicat4_enrolv1,enrolment_visit_v1_form,,text,50. Date of administration 3,,,date_dmy,,,,[q3_rel_enrolv1] = '1' and [q44_prevmedicat1_enrolv1] = '1',,,,,,
q51_routinemed_enrolv1,enrolment_visit_v1_form,,radio,51. Routine medication given,"1, Yes | 0, No",,,,,,[q3_rel_enrolv1] = '1',,,,,,
q51_tetracycline,enrolment_visit_v1_form,Routine medications,radio,52. Tetracycline eye ointment,"1, Yes | 2, No",,,,,,[q3_rel_enrolv1] = '1' and [q51_routinemed_enrolv1] = '1',,,,medications,,
q52_vitamin_k,enrolment_visit_v1_form,,radio,53. Vitamin K,"1, Yes | 2, No",,,,,,[q3_rel_enrolv1] = '1' and [q51_routinemed_enrolv1] = '1',,,,medications,,
q54_othermed_enrolv1,enrolment_visit_v1_form,,radio,54. Has any other medication been given,"1, Yes | 2, No",,,,,,[q3_rel_enrolv1] = '1',,,,,,
q55_medication1,enrolment_visit_v1_form,,text,55. Medication 1,,,,,,,[q3_rel_enrolv1] = '1' and [q54_othermed_enrolv1] = '1',,,,,,
q56_startdateadmin1,enrolment_visit_v1_form,,text,56. Start date of administration 1,,,date_dmy,,,,[q3_rel_enrolv1] = '1' and [q54_othermed_enrolv1] = '1',,,,,,
q57_specifymed1,enrolment_visit_v1_form,,radio,57. Specify if on-going with medication 1 intake,"1, Yes | 2, No",,,,,,[q3_rel_enrolv1] = '1' and [q54_othermed_enrolv1] = '1',,,,,,
q58_enddateadm1,enrolment_visit_v1_form,,text,58. End date of administration 1,,,date_dmy,,,,[q3_rel_enrolv1] = '1' and [q54_othermed_enrolv1] = '1' and [q57_specifymed1] = '2',,,,,,
q59_medication2,enrolment_visit_v1_form,,text,59. Medication 2,,,,,,,[q3_rel_enrolv1] = '1' and [q54_othermed_enrolv1] = '1',,,,,,
q60_startdateadm2,enrolment_visit_v1_form,,text,60. Start date of administration 2,,,date_dmy,,,,[q3_rel_enrolv1] = '1' and [q54_othermed_enrolv1] = '1',,,,,,
q61_specifymed2,enrolment_visit_v1_form,,radio,61. Specify if on-going with medication 2 intake,"1, Yes | 2, No",,,,,,[q3_rel_enrolv1] = '1' and [q54_othermed_enrolv1] = '1',,,,,,
q62_enddateadm2,enrolment_visit_v1_form,,text,62. End date of administration 2,,,date_dmy,,,,[q3_rel_enrolv1] = '1' and [q54_othermed_enrolv1] = '1' and [q61_specifymed2] = '2',,,,,,
q63_medication3,enrolment_visit_v1_form,,text,63. Medication 3,,,,,,,[q3_rel_enrolv1] = '1' and [q54_othermed_enrolv1] = '1',,,,,,
q64_startdateadm3,enrolment_visit_v1_form,,text,64. Start date of administration 3,,,date_dmy,,,,[q3_rel_enrolv1] = '1' and [q54_othermed_enrolv1] = '1',,,,,,
q65_specifymed3,enrolment_visit_v1_form,,radio,65. Specify if on-going with medication 3 intake,"1, Yes | 2, No",,,,,,[q3_rel_enrolv1] = '1' and [q54_othermed_enrolv1] = '1',,,,,,
q66_enddateadm3,enrolment_visit_v1_form,,text,66. End date of administration 3,,,date_dmy,,,,[q3_rel_enrolv1] = '1' and [q54_othermed_enrolv1] = '1' and [q65_specifymed3] = '2',,,,,,
q67_medication4,enrolment_visit_v1_form,,text,67. Medication 4,,,,,,,[q3_rel_enrolv1] = '1' and [q54_othermed_enrolv1] = '1',,,,,,
q68_startdateadm4,enrolment_visit_v1_form,,text,68. Start date of administration 4,,,date_dmy,,,,[q3_rel_enrolv1] = '1' and [q54_othermed_enrolv1] = '1',,,,,,
q69_specifymed4,enrolment_visit_v1_form,,radio,69. Specify if on-going with medication 4 intake,"1, Yes | 2, No",,,,,,[q3_rel_enrolv1] = '1' and [q54_othermed_enrolv1] = '1',,,,,,
q70_enddateadm4,enrolment_visit_v1_form,,text,70. End date of administration 4,,,date_dmy,,,,[q3_rel_enrolv1] = '1' and [q54_othermed_enrolv1] = '1' and [q69_specifymed4] = '2',,,,,,
q71_hasbreastfeed_enrolv1,enrolment_visit_v1_form,,radio,71. Has breastfeeding been initiated,"1, Yes | 0, No",,,,,,[q3_rel_enrolv1] = '1',,,,,,
q72_details_enrolv1,enrolment_visit_v1_form,,notes,72. Details,,,,,,,[q3_rel_enrolv1] = '1',,,,,,
q73_evi_enrolv1,enrolment_visit_v1_form,ELIGIBILITY CHECKLIST FOR INCLUSION CRITERIA ,radio,73. Evidence of a personally signed and dated informed consent document (ICD) indicating that the subject's parent(s)/legal guardian(s) has been informed of all pertinent aspects of the study.If the subject's parent(s)/legal guardian(s) is illiterate they must thumbprint the ICD and it must be signed and dated by an impartial witness who was present throughout the entire informed consent process.,"1, YES | 2, NO",,,,,,[q3_rel_enrolv1] = '1',,,,inclusion_criteria_enrolv1,,
q74_age0_24hr_enrolv1,enrolment_visit_v1_form,,radio,74. Age 0 to 24 hours at time of enrolment.,"1, YES | 2, NO",,,,,,[q3_rel_enrolv1] = '1',,,,inclusion_criteria_enrolv1,,
q75_avialablility_enrolv1,enrolment_visit_v1_form,,radio,75. Available for entire study period.,"1, YES | 2, NO",,,,,,[q3_rel_enrolv1] = '1',,,,inclusion_criteria_enrolv1,,
q76_healthyinfa_enrolv1,enrolment_visit_v1_form,,radio,"76. Healthy infant as determined by medical history, physical examination, and judgment of the investigator.","1, YES | 2, NO",,,,,,[q3_rel_enrolv1] = '1',,,,inclusion_criteria_enrolv1,,
q77_parentswilling_enrolv1,enrolment_visit_v1_form,,radio,77. Parent(s)/legal guardian(s) is willing and able to comply with scheduled visits and other study procedures.,"1, YES | 2, NO",,,,,,[q3_rel_enrolv1] = '1',,,,inclusion_criteria_enrolv1,,
q78_weight25_enrolv1,enrolment_visit_v1_form,,radio,78. Weight of 2.5 kg or greater at the time of enrolement,"1, YES | 2, NO",,,,,,[q3_rel_enrolv1] = '1',,,,inclusion_criteria_enrolv1,,
q79_gestationalage_enrolv1,enrolment_visit_v1_form,,radio,79. Gestational Age above 36 weeks,"1, YES | 2, NO",,,,,,[q3_rel_enrolv1] = '1',,,,inclusion_criteria_enrolv1,,
q80_inccriteriamet_enrolv1,enrolment_visit_v1_form,,radio,80. Inclusion criteria met,"1, Yes",,,,,,[q3_rel_enrolv1] = '1' and [q73_evi_enrolv1] = '1' and [q74_age0_24hr_enrolv1] = '1' and [q75_avialablility_enrolv1] = '1' and [q76_healthyinfa_enrolv1] = '1' and [q77_parentswilling_enrolv1] = '1' and [q78_weight25_enrolv1] = '1' and [q79_gestationalage_enrolv1] = '1',,,,,,
q81_numcrinotmet_enrolv1,enrolment_visit_v1_form,,text,81. Number of inclusion criterion not met,,"if more than one criteria, list all numbers and separate with spaces",,,,,[q3_rel_enrolv1] = '1' and [q73_evi_enrolv1] = '2' OR [q74_age0_24hr_enrolv1] = '2' OR [q75_avialablility_enrolv1] = '2' OR [q76_healthyinfa_enrolv1] = '2' OR [q77_parentswilling_enrolv1] = '2' OR [q78_weight25_enrolv1] = '2' OR [q79_gestationalage_enrolv1] = '2',,,,,,
q82_detailinccrit_enrolv1,enrolment_visit_v1_form,,notes,82. Details for inclusion criterion not met,,,,,,,[q3_rel_enrolv1] = '1' and [q73_evi_enrolv1] = '2' OR [q74_age0_24hr_enrolv1] = '2' OR [q75_avialablility_enrolv1] = '2' OR [q76_healthyinfa_enrolv1] = '2' OR [q77_parentswilling_enrolv1] = '2' OR [q78_weight25_enrolv1] = '2' OR [q79_gestationalage_enrolv1] = '2',,,,,,
q83_antibiotic_enrolv1,enrolment_visit_v1_form,ELIGIBILITY CHECKLIST FOR EXCLUSION CRITERIA,radio,83. Previous vaccination with any EPI vaccine,"1, Yes | 2, No",,,,,,[q3_rel_enrolv1] = '1',,,,exclusion_criteria_enrolv1,,
q84_hivorhebb,enrolment_visit_v1_form,,radio,84. HIV or HepB positivity in mother,"1, Yes | 2, No",,,,,,[q3_rel_enrolv1] = '1',,,,exclusion_criteria_enrolv1,,
q85_majorcognital,enrolment_visit_v1_form,,radio,85. Major known congenital malformation,"1, Yes | 2, No",,,,,,[q3_rel_enrolv1] = '1',,,,exclusion_criteria_enrolv1,,
q86_apgarscore_less_than_8,enrolment_visit_v1_form,,radio,86. Apgar score less than 8,"1, Yes | 2, No",,,,,,[q3_rel_enrolv1] = '1',,,,exclusion_criteria_enrolv1,,
q87_antibiotic,enrolment_visit_v1_form,,radio,87. Antibiotic use by mother in the week prior to delivery,"1, Yes | 2, No",,,,,,[q3_rel_enrolv1] = '1',,,,exclusion_criteria_enrolv1,,
q88_other,enrolment_visit_v1_form,,radio,88. Other,"1, Yes | 2, No",,,,,,[q3_rel_enrolv1] = '1',,,,exclusion_criteria_enrolv1,,
q89_specifyother,enrolment_visit_v1_form,,notes,89. Specify Other,,,,,,,[q3_rel_enrolv1] = '1' and [q88_other] = '1',,,,,,
q90_excrinotmet,enrolment_visit_v1_form,,radio,90. Exclusion criteria met,"1, Yes",,,,,,[q3_rel_enrolv1] = '1' and [q83_antibiotic_enrolv1] = '2' and [q84_hivorhebb] = '2' and [q85_majorcognital] = '2' and [q86_apgarscore_less_than_8] = '2' and [q87_antibiotic] = '2' and [q88_other] = '2',,,,,,
q91_nuofexcrinotmet,enrolment_visit_v1_form,,text,91. Number of exclusion criterion not met,,"if more than one criteria, list all numbers and separate with spaces",,,,,[q3_rel_enrolv1] = '1' and [q83_antibiotic_enrolv1] = '1' or [q84_hivorhebb] = '1' or [q85_majorcognital] = '1' or [q86_apgarscore_less_than_8] = '1' or [q87_antibiotic] = '1' or [q88_other] = '1',,,,,,
q92_excrinotmetdetails,enrolment_visit_v1_form,,notes,92. Details of exclusion criterion not met,,,,,,,[q3_rel_enrolv1] = '1' and [q83_antibiotic_enrolv1] = '1' or [q84_hivorhebb] = '1' or [q85_majorcognital] = '1' or [q86_apgarscore_less_than_8] = '1' or [q87_antibiotic] = '1' or [q88_other] = '1',,,,,,
q93_partticpantnum_enrolv1,enrolment_visit_v1_form,RANDOMISATION,text,93. Participant number,,,,,,,[q3_rel_enrolv1] = '1' and [q80_inccriteriamet_enrolv1] = '1' and [q90_excrinotmet] = '1',,,,,,
q94_randomdate_enrolv1,enrolment_visit_v1_form,,text,94. Randomisation date,,,date_dmy,,,y,[q3_rel_enrolv1] = '1' and [q80_inccriteriamet_enrolv1] = '1' and [q90_excrinotmet] = '1',,,,,,
q95_treatmentsched_enrolv1,enrolment_visit_v1_form,,radio,95. Treatment schedule:               ,"10, G10 | 11, G11 | 12, G12",,,,,,[q3_rel_enrolv1] = '1' and [q80_inccriteriamet_enrolv1] = '1' and [q90_excrinotmet] = '1',,,,,,
q96_participaname_enrolv1,enrolment_visit_v1_form,,text,96. Physician's Name,,,,,,y,[q3_rel_enrolv1] = '1' and [q80_inccriteriamet_enrolv1] = '1' and [q90_excrinotmet] = '1',,,,,,
q97_participant_enrolv1,enrolment_visit_v1_form,,file,97. Signature,,,signature,,,y,[q3_rel_enrolv1] = '1' and [q80_inccriteriamet_enrolv1] = '1' and [q90_excrinotmet] = '1',,,,,,
q98_participantd_enrolv1,enrolment_visit_v1_form,,text,98. Date ,,,date_dmy,,,y,[q3_rel_enrolv1] = '1' and [q80_inccriteriamet_enrolv1] = '1' and [q90_excrinotmet] = '1',,,,,,
q99_day0bloodcoll_enrolv1,enrolment_visit_v1_form,SAMPLE COLLECTION,radio,99. Blood sample collected,"1, Yes | 0, No",,,,,,[q3_rel_enrolv1] = '1' and [q80_inccriteriamet_enrolv1] = '1' and [q90_excrinotmet] = '1',,,,,,
q100_day0volemeb_enrolv1,enrolment_visit_v1_form,,text,100. Volume of Blood(ml),,Please enter value to one decimal place. E.g. 00.0,number_1dp,,,,[q3_rel_enrolv1] = '1' and [q99_day0bloodcoll_enrolv1] = '1' and [q80_inccriteriamet_enrolv1] = '1' and [q90_excrinotmet] = '1',,,,,,
q101_day0timecol_enrolv1,enrolment_visit_v1_form,,text,101. Time of collection(hr),,,datetime_dmy,,,,[q3_rel_enrolv1] = '1' and [q99_day0bloodcoll_enrolv1] = '1' and [q80_inccriteriamet_enrolv1] = '1' and [q90_excrinotmet] = '1',,,,,,
q102_visit_id,enrolment_visit_v1_form,,text,102. Visit ID,,,,,,,[q3_rel_enrolv1] = '1' and [q99_day0bloodcoll_enrolv1] = '1' and [q80_inccriteriamet_enrolv1] = '1' and [q90_excrinotmet] = '1',,,,,,@BARCODE-APP
q103_pipettingrna,enrolment_visit_v1_form,,text,103. Time of pipetting RNA sample,,,time,,,,[q3_rel_enrolv1] = '1' and [q99_day0bloodcoll_enrolv1] = '1'  and [q80_inccriteriamet_enrolv1] = '1' and [q90_excrinotmet] = '1',,,,,,
q104_dayonotes_enrolv1,enrolment_visit_v1_form,,notes,104. Notes,,,,,,,[q3_rel_enrolv1] = '1' and [q80_inccriteriamet_enrolv1] = '1' and [q90_excrinotmet] = '1',,,,,,
q105_conmartenalno_enrolv1,enrolment_visit_v1_form,,radio,105. Confirm cord blood sample collected,"1, Yes | 2, No",,,,,,[q3_rel_enrolv1] = '1' and [q80_inccriteriamet_enrolv1] = '1' and [q90_excrinotmet] = '1',,,,,,
q106_notes_enrolv1,enrolment_visit_v1_form,,notes,106. Notes,,,,,,y,[q3_rel_enrolv1] = '1' and [q80_inccriteriamet_enrolv1] = '1' and [q90_excrinotmet] = '1',,,,,,
q107_physician_nurses_name,enrolment_visit_v1_form,,text,107. Physician/Nurses Name,,,,,,,[q3_rel_enrolv1] = '1' and [q80_inccriteriamet_enrolv1] = '1' and [q90_excrinotmet] = '1',,,,,,
q108_signature,enrolment_visit_v1_form,,file,108. Signature,,,signature,,,,[q3_rel_enrolv1] = '1' and [q80_inccriteriamet_enrolv1] = '1' and [q90_excrinotmet] = '1',,,,,,
q109_date,enrolment_visit_v1_form,,text,109. Date,,,date_dmy,,,,[q3_rel_enrolv1] = '1' and [q80_inccriteriamet_enrolv1] = '1' and [q90_excrinotmet] = '1',,,,,,
q110_havevisit1com_enrolv1,enrolment_visit_v1_form,VERIFICATION OF VISIT DETAILS,radio,110. Have all the Visit 1 activities been completed,"1, Yes | 0, No",,,,,,[q3_rel_enrolv1] = '1' and [q80_inccriteriamet_enrolv1] = '1' and [q90_excrinotmet] = '1',,,,,,
q111_dateofvisit_enrolv1,enrolment_visit_v1_form,,text,"111. Date of visit 2



",,,date_dmy,,,y,[q3_rel_enrolv1] = '1' and [q110_havevisit1com_enrolv1] = '1'  and [q80_inccriteriamet_enrolv1] = '1' and [q90_excrinotmet] = '1',,,,,,
q112_time31_enrolv1,enrolment_visit_v1_form,,text,112. Time for visit 2,,,time,,,,[q3_rel_enrolv1] = '1' and [q110_havevisit1com_enrolv1] = '1'  and [q80_inccriteriamet_enrolv1] = '1' and [q90_excrinotmet] = '1',,,,,,
q113_phynursename2_enrolv1,enrolment_visit_v1_form,,text,113. Physician /Nurse Name,,,,,,y,[q3_rel_enrolv1] = '1',,,,,,
q114_physign2_enrolv1,enrolment_visit_v1_form,,file,114. Signature,,,signature,,,y,[q3_rel_enrolv1] = '1',,,,,,
q115_phydate2_enrolv1,enrolment_visit_v1_form,,text,115. Date ,,,date_dmy,,,y,[q3_rel_enrolv1] = '1',,,,,,
ancnumber_visit2,visit_2_form,,text,ANC Number,,,,,,,,,,,,,
q1_studyid_visit_2,visit_2_form,,text,1. Participant Study ID,,,,,,,,,,,,,
q2_dov_visit2,visit_2_form,,text,2. Date of Visit,,,date_dmy,,,y,,,,,,,
q3_weight_visit2,visit_2_form,VITAL SIGNS,text,3. Weight (grams),,,integer,2500,9000,,,,,,,,
q4_temp_visit2,visit_2_form,,text,4. Temperature (celcius),,Please enter value to one decimal place. E.g. 00.0,number_1dp,36.5,37.7,,,,,,,,
q5_resprate_visit2,visit_2_form,,text,5. Respiratory rate (cycles/min),,,number,30,55,,,,,,,,
q6_heartrate_visit2,visit_2_form,,text,6. Heart rate (beats /min),,,number,90,150,,,,,,,,
q7_comments_visit2,visit_2_form,,notes,7. Comments,,,,,,y,,,,,,,
q8_nursename1_visit2,visit_2_form,,text,8. Nurse or physician's name,,,,,,y,,,,,,,
q9_sign1_visit2,visit_2_form,,file,9. Signature,,,signature,,,y,,,,,,,
q10_date1_visit2,visit_2_form,,text,10. Date ,,,date_dmy,,,y,,,,,,,
q11_havadeverse_visit2,visit_2_form,ADVERSE EVENTS,radio,11. Has there been any adverse events since last visit?,"1, Yes | 0, No",,,,,,,,,,,,
q12_event1_visit2,visit_2_form,,text,12. Event1,,,,,,y,[q11_havadeverse_visit2] = '1',,,,,,
q13_severity1_visit2,visit_2_form,,radio,13. Severity,"1, mild | 2, moderate | 3, severe",,,,,,[q11_havadeverse_visit2] = '1',,,,,,
q14_startdate1_visit2,visit_2_form,,text,14. Start date,,,date_dmy,,,y,[q11_havadeverse_visit2] = '1',,,,,,
q15_enddate1_visit2,visit_2_form,,text,15. End date,,,date_dmy,,,y,[q11_havadeverse_visit2] = '1',,,,,,
q16_event2_visit2,visit_2_form,,text,16. Event2,,,,,,y,[q11_havadeverse_visit2] = '1',,,,,,
q17_severity2_visit2,visit_2_form,,radio,17. Severity,"1, mild | 2, moderate | 3, severe",,,,,,[q11_havadeverse_visit2] = '1',,,,,,
q18_startdate2_visit2,visit_2_form,,text,18. Start date,,,date_dmy,,,y,[q11_havadeverse_visit2] = '1',,,,,,
q19_enddate2_visit2,visit_2_form,,text,19. End date,,,date_dmy,,,y,[q11_havadeverse_visit2] = '1',,,,,,
q20_event3_visit2,visit_2_form,,text,20. Event3,,,,,,y,[q11_havadeverse_visit2] = '1',,,,,,
q21_severity3_visit2,visit_2_form,,radio,21. Severity,"1, mild | 2, moderate | 3, severe",,,,,,[q11_havadeverse_visit2] = '1',,,,,,
q22_startdate3_visit2,visit_2_form,,text,22. Start date,,,date_dmy,,,y,[q11_havadeverse_visit2] = '1',,,,,,
q23_enddate3_visit2,visit_2_form,,text,23. End date,,,date_dmy,,,y,[q11_havadeverse_visit2] = '1',,,,,,
q24_event4_visit2,visit_2_form,,text,24. Event4,,,,,,y,[q11_havadeverse_visit2] = '1',,,,,,
q25_severity4_visit2,visit_2_form,,radio,25. Severity,"1, mild | 2, moderate | 3, severe",,,,,,[q11_havadeverse_visit2] = '1',,,,,,
q26_startdate4_visit2,visit_2_form,,text,26. Start date,,,date_dmy,,,y,[q11_havadeverse_visit2] = '1',,,,,,
q27_enddate4_visit2,visit_2_form,,text,27. End date,,,date_dmy,,,y,[q11_havadeverse_visit2] = '1',,,,,,
q28_subjecttakenmed_visit2,visit_2_form,MEDICATIONS,radio,28. Has subject been given any medications?,"1, Yes | 0, No",,,,,,,,,,,,
q29_med1_visit2,visit_2_form,,text,29. Medication 1,,,,,,,[q28_subjecttakenmed_visit2] = '1',,,,,,
q30_sdatemed1_visit2,visit_2_form,,text,30. Start date of administration,,,date_dmy,,,,[q28_subjecttakenmed_visit2] = '1',,,,,,
q31_ongoinmed1_visit2,visit_2_form,,yesno,31. Specify if on-going with medication 1 intake,,,,,,,[q28_subjecttakenmed_visit2] = '1',,,,,,
q32_edatemed1intake_visit2,visit_2_form,,text,32. End date of administration,,,date_dmy,,,,[q28_subjecttakenmed_visit2] = '1' and [q31_ongoinmed1_visit2] = '0',,,,,,
q33_med2_visit2,visit_2_form,,text,33. Medication 2,,,,,,,[q28_subjecttakenmed_visit2] = '1',,,,,,
q34_sdatemed2_visit2,visit_2_form,,text,34. Start date of administration,,,date_dmy,,,,[q28_subjecttakenmed_visit2] = '1',,,,,,
q35_ongoingmed2_visit2,visit_2_form,,yesno,35. Specify if on-going with medication 2 intake,,,,,,,[q28_subjecttakenmed_visit2] = '1',,,,,,
q36_edatemed2_visit2,visit_2_form,,text,36. End date of administration,,,date_dmy,,,,[q28_subjecttakenmed_visit2] = '1' and [q35_ongoingmed2_visit2] = '0',,,,,,
q37_med3_visit2,visit_2_form,,text,37. Medication 3,,,,,,,[q28_subjecttakenmed_visit2] = '1',,,,,,
q38_sdatemed3_visit2,visit_2_form,,text,38. Start date of administration,,,date_dmy,,,,[q28_subjecttakenmed_visit2] = '1',,,,,,
q39_ongoinmed3_visit2,visit_2_form,,yesno,39. Specify if on-going with medication 3 intake,,,,,,,[q28_subjecttakenmed_visit2] = '1',,,,,,
q40_edatemed3_visit3,visit_2_form,,text,40. End date of administration,,,date_dmy,,,,[q28_subjecttakenmed_visit2] = '1' and [q39_ongoinmed3_visit2] = '0',,,,,,
q41_med4_visit2,visit_2_form,,text,41. Medication 4,,,,,,,[q28_subjecttakenmed_visit2] = '1',,,,,,
q42_sdatemed4_visit2,visit_2_form,,text,42. Start date of administration,,,date_dmy,,,,[q28_subjecttakenmed_visit2] = '1',,,,,,
q43_ongoinmed4_visit2,visit_2_form,,yesno,43. Specify if on-going with medication 4 intake,,,,,,,[q28_subjecttakenmed_visit2] = '1',,,,,,
q44_edatemed4_visit2,visit_2_form,,text,44. End date of administration,,,,,,,[q28_subjecttakenmed_visit2] = '1' and [q43_ongoinmed4_visit2] = '0',,,,,,
q45_infantbreast_visit2,visit_2_form,,radio,45. Is the Infant breastfeeding?,"1, Yes | 0, No",,,,,,,,,,,,
q46_breastdetails_visit2,visit_2_form,,notes,46. Please give details,,,,,,,,,,,,,
q47_21to26hrs_visit2,visit_2_form,INCLUSION CRITERIA,yesno,47. Is patient aged between 21 to 26 hours since enrolment? ,,,,,,,[enrollment_visit_1_arm_1][q95_treatmentsched_enrolv1] = '10',,,,,,
q48_65to79_visit2,visit_2_form,,yesno,48. Is patient aged between 65 to 79 hours since enrolment? ,,,,,,,[enrollment_visit_1_arm_1][q95_treatmentsched_enrolv1] = '11',,,,,,
q49_6to10days_visit2,visit_2_form,,yesno,49. Is patient aged between 6 to 10 days since enrolment? ,,,,,,,[enrollment_visit_1_arm_1][q95_treatmentsched_enrolv1] = '12',,,,,,
q50_incrimet_visit2,visit_2_form,,yesno,50. Does subject meet inclusion criteria?,,,,,,,,,,,,,
q51_incrinum_v2,visit_2_form,,text,"51. If inclusion criteria is not met, enter criterion number",,,number,,,,[q47_21to26hrs_visit2] = '0' or [q48_65to79_visit2] = '0' or [q49_6to10days_visit2] = '0',,,,,,
if_inclusion_criteria_not,visit_2_form,,notes,"52. If inclusion criteria not met, enter details",,,,,,,[q47_21to26hrs_visit2] = '0' or [q48_65to79_visit2] = '0' or [q49_6to10days_visit2] = '0',,,,,,
q53_previousvaccepi_visit2,visit_2_form,EXCLUSION CRITERIA,radio,53. Previous vaccination with any EPI vaccine other than those administered by study team.,"1, Yes | 0, No",,,,,,,,,,,,
q54_excrimet_visit2,visit_2_form,,yesno,54. Does subject meet the exclusion criteria?,,,,,,,,,,,,,
q55_excrinum_v2,visit_2_form,,text,"55. If exclusion criteria not met, enter criterion number",,,number,,,,[q53_previousvaccepi_visit2] = '1',,,,,,
q56_detailsrexcri_visit2,visit_2_form,,notes,"56. If exclusion criteria not met, enter details",,,,,,,[q53_previousvaccepi_visit2] = '1',,,,,,
q57_nursename2_visit2,visit_2_form,,text,57. Nurse or physician name,,,,,,y,,,,,,,
q58_sign2_visit2,visit_2_form,,file,58. Signature,,,signature,,,y,,,,,,,
q59_date2_visit2,visit_2_form,,text,59. Date ,,,date_dmy,,,y,,,,,,,
q60_bloodsam_visit2,visit_2_form,BLOOD SAMPLE COLLECTION,radio,60. Blood sample collected:       ,"1, Yes | 0, No",,,,,,,,,,,,
q61_voldose_visit2,visit_2_form,,text,61. Volume of blood (ml)               ,,Enter value to one decimal place. E.g. 00.0,number_1dp,,,,[q60_bloodsam_visit2] = '1',,,,,,
q62_timecol_visit2,visit_2_form,,text,62. Time of collection,,,time,,,,[q60_bloodsam_visit2] = '1',,,,,,
q63_visit_id,visit_2_form,,text,63. Visit ID,,,,,,,[q60_bloodsam_visit2] = '1',,,,,,
q64_timeofpipetti,visit_2_form,,text,64. Time of pipetting RNA sample,,,time,,,,[q60_bloodsam_visit2] = '1',,,,,,
q65_bcg_visit2,visit_2_form,VACCINATIONS,radio,65. Has BCG been given on L arm?,"1, Yes | 0, No",,,,,,,,,,,,
q66_timeofbcg_visit2,visit_2_form,,text,66. Date/Time of BCG vaccination,,,datetime_dmy,,,,[q65_bcg_visit2] = '1',,,,,,
q67_opv_visit2,visit_2_form,,radio,67. Has OPV been given orally?,"1, Yes | 0, No",,,,,,,,,,,,
q68_timeopv_visit2,visit_2_form,,text,68. Date/Time of OPV vaccination,,,datetime_dmy,,,,[q67_opv_visit2] = '1',,,,,,
q69_hbvgiven_visit2,visit_2_form,,yesno,69. Has HBV (r arm) been given?,,,,,,,,,,,,,
q70_hbv_visit2,visit_2_form,,text,70. Date/Time of HBV vaccination,,,datetime_dmy,,,,[q69_hbvgiven_visit2] = '1',,,,,,
q71_notes1_visit2,visit_2_form,,notes,71. Notes,,,,,,,,,,,,,
q72_notes_v1,visit_2_form,,notes,72. Notes,,,,,,,,,,,,,
q73_apptype_visit2,visit_2_form,,radio,"73. Has the Participant been informed that the study
has ended?","1, Yes | 2, No",,,,,,,,,,,,
q74_notes2_visit2,visit_2_form,,notes,74. Notes,,,,,,,,,,,,,
q75_nursename3_visit2,visit_2_form,,text,75. Nurse or physician's name,,,,,,y,,,,,,,
q76_sign3_visit2,visit_2_form,,file,76. Signature,,,signature,,,y,,,,,,,
q77_date3_visit2,visit_2_form,,text,77. Date ,,,date_dmy,,,y,,,,,,,
q78_haveaallvist2_visit2,visit_2_form,"STUDY WRAP-UP
",radio,78. Have all Visit 2 activities been completed,"1, Yes | 0, No",,,,,,,,,,,,
q79_nursename4_visit2,visit_2_form,,text,79. Nurse or physician's name,,,,,,y,,,,,,,
q80_sign4_visit2,visit_2_form,,file,80. Signature,,,signature,,,y,,,,,,,
q81_date4_visit2,visit_2_form,,text,81. Date ,,,date_dmy,,,y,,,,,,,
q82_notes3_visit2,visit_2_form,,notes,82. Notes,,,,,,,,,,,,,
_,unscheduled_visit_form,,text,ANC Number,,,,,,,,,,,,,
pat_study_id_unsch,unscheduled_visit_form,,text,Participant Study ID,,,,,,,,,,,,,
q1_datevisit_unsche,unscheduled_visit_form,,text,1. Date of visit,,,date_dmy,,,,,,,,,,
q2_weight_unsche,unscheduled_visit_form,,text,2. Weight (grams),,,integer,2500,9000,,,,,,,,
q3_length_unsche,unscheduled_visit_form,,text,3. Length (cm),,,number,45,70,,,,,,,,
q4_temp_unsche,unscheduled_visit_form,,text,4. Temperature (Celsius),,Please enter value to 1 decimal place. E.g. 00.0,number_1dp,36.5,55,,,,,,,,
q5_resprate_unsche,unscheduled_visit_form,,text,5. Respiratory rate (cycles/min),,,number,30,55,,,,,,,,
q6_hrate_unsche,unscheduled_visit_form,,text,6. Heart Rate (beats/min),,,number,90,150,,,,,,,,
q7_comment_unsche,unscheduled_visit_form,,notes,7. Comments,,,,,,,,,,,,,
q8_nursename1_unsche,unscheduled_visit_form,,text,8. Nurse/Physician's name ,,,,,,,,,,,,,
q9_sign1_unsche,unscheduled_visit_form,,file,9. Signature ,,,signature,,,,,,,,,,
q10_date1_unsche,unscheduled_visit_form,,text,10. Date,,,date_dmy,,,,,,,,,,
q11_medhist_unsche,unscheduled_visit_form,PHYSICIAN EVALUATION,notes,11. Interim Medical History since the last visit,,,,,,,,,,,,,
q12_general_unsche,unscheduled_visit_form,PHYSICAL ASSESSMENT,radio,12. General,"1, Normal | 2, Abnormal|3, Not done",,,,,,,,,,,,
q13_gcomment_unsche,unscheduled_visit_form,,notes,13. Comments,,,,,,,,,,,,,
q14_lymph_unsche,unscheduled_visit_form,,radio,14. Lymph Nodes,"1, Normal | 2, Abnormal|3, Not done",,,,,,,,,,,,
q15_lcomment_unsche,unscheduled_visit_form,,notes,15. Comments,,,,,,,,,,,,,
q16_extremities_unsche,unscheduled_visit_form,,radio,16. Extremities,"1, Normal | 2, Abnormal|3, Not done",,,,,,,,,,,,
q17_excomment_unsche,unscheduled_visit_form,,notes,17. Comments,,,,,,,,,,,,,
q18_skin_unsche,unscheduled_visit_form,,radio,"18. Skin, specify","1, Normal | 2, Abnormal|3, Not done",,,,,,,,,,,,
q19_skincomment_unsche,unscheduled_visit_form,,notes,19. Comments,,,,,,,,,,,,,
q20_nervousyste_unsche,unscheduled_visit_form,,radio,20. Central Nervous system,"1, Normal | 2, Abnormal|3, Not done",,,,,,,,,,,,
q21_nercomment_unsche,unscheduled_visit_form,,notes,21. Comments,,,,,,,,,,,,,
q22_cardiovascula_unsche,unscheduled_visit_form,,radio,22. Cardiovascular system,"1, Normal | 2, Abnormal|3, Not done",,,,,,,,,,,,
q23_cardiocomment_unsche,unscheduled_visit_form,,notes,23. Comments,,,,,,,,,,,,,
q24_respiratory_unsche,unscheduled_visit_form,,radio,24. Respiratory System,"1, Normal | 2, Abnormal|3, Not done",,,,,,,,,,,,
q25_rescomment_unsche,unscheduled_visit_form,,notes,25. Comments,,,,,,,,,,,,,
q26_abdomen_unsche,unscheduled_visit_form,,radio,26. Abdomen,"1, Normal | 2, Abnormal|3, Not done",,,,,,,,,,,,
q27_abdcomment_unsche,unscheduled_visit_form,,notes,27. Comments,,,,,,,,,,,,,
q28_urogenital_unsche,unscheduled_visit_form,,radio,28. Urogenital,"1, Normal | 2, Abnormal|3, Not done",,,,,,,,,,,,
q29_urogcomment_unsche,unscheduled_visit_form,,notes,29. Comments,,,,,,,,,,,,,
q30_otherpfinding_unsche,unscheduled_visit_form,,radio,30. Other physical findings:  ,"1, Yes | 0, None",,,,,,,,,,,,
q31_otherpspec_unsche,unscheduled_visit_form,,notes,31.Specify other physical findings                                                ,,,,,,,[q30_otherpfinding_unsche] = '1',,,,,,
q32_labtest_unsche,unscheduled_visit_form,,radio,32. Have any Laboratory tests been done?.      ,"1, Yes | 0, No",,,,,,,,,,,,
q33_labtestspec_unsche,unscheduled_visit_form,,notes,33. Specify lab tests done                                       ,,,,,,,[q32_labtest_unsche] = '1',,,,,,
q34_assessment_unsche,unscheduled_visit_form,DIAGNOSIS,notes,34. Assessment and diagnosis,,,,,,,,,,,,,
q35_takingmed_unsche,unscheduled_visit_form,,radio,35. Has the subject been taking any medications since the last visit?,"1, Yes | 0, No",,,,,,,,,,,,
q36_takingmedspec_unsche,unscheduled_visit_form,,notes,"36. If yes, list below and update concomitant meds. log          ",,,,,,,,,,,,,
q37_medprescribe_unsche,unscheduled_visit_form,,radio,37. Has medications been prescribed/given at this visit? ,"1, Yes | 0, No",,,,,,,,,,,,
q38_medprescrispec_unsche,unscheduled_visit_form,,notes,"38. If yes, list below and update concomitant meds. log                ",,,,,,,,,,,,,
q39_name_unsche,unscheduled_visit_form,,text,39. Name,,,,,,,,,,,,,
q40_sign_unsche,unscheduled_visit_form,,file,40. Signature,,,signature,,,,,,,,,,
q41_date_unsche,unscheduled_visit_form,,text,41. Date:,,,date_dmy,,,,,,,,,,
hospital_number,hospitalization_record,,text,Hospital Number,,,,,,,,,,,,,
q1_ancnumb_hospitalrec,hospitalization_record,,text,1. ANC Number,,,,,,,,,,,,,
q2_pid_hospitalrec,hospitalization_record,,text,2. Participant ID,,,,,,,,,,,,,
q3_dateof_hospitalrec,hospitalization_record,,text,3. Date of hospitalization,,,date_dmy,,,,,,,,,,
q4_reasonfor_hospitalrec,hospitalization_record,,notes,4. Reason for hospitalization,,,,,,,,,,,,,
q5_generalapp_hosprec,hospitalization_record,PHYSICAL EXAMINATION,radio,5. General appearance,"1, Normal | 2, Abnormal",,,,,,,,,,,,
q6_comments_hosprec,hospitalization_record,,notes,6. Comments,,,,,,,,,,,,,
b_admitting_temperature,hospitalization_record,,text,6B. Admitting Temperature ( C),,Please enter value to 1 decimal point - e.g. 00.0,number_1dp,,,,,,,,,,
q7_urogenital_hosprec,hospitalization_record,,radio,7. Urogenital / Genitalia,"1, Normal | 2, Abnormal",,,,,,,,,,,,
q8_comments_hosprec,hospitalization_record,,notes,8. Comments,,,,,,,,,,,,,
q9_musculoskeletal_hosprec,hospitalization_record,,radio,9. Musculoskeletal,"1, Normal | 2, Abnormal",,,,,,,,,,,,
q10_comments_hosprec,hospitalization_record,,notes,10. Comments,,,,,,,,,,,,,
q11_skin_hosprec,hospitalization_record,,radio,11. Skin,"1, Normal | 2, Abnormal",,,,,,,,,,,,
q12_comments_hosprec,hospitalization_record,,notes,12. Comments,,,,,,,,,,,,,
q13_centralnerv_hosprec,hospitalization_record,,radio,13. Central nervous system,"1, Normal | 2, Abnormal",,,,,,,,,,,,
q14_comments_hosprec,hospitalization_record,,notes,14. Comments,,,,,,,,,,,,,
q15_cardiovascular_hosprec,hospitalization_record,,radio,15. Cardiovascular system,"1, Normal | 2, Abnormal",,,,,,,,,,,,
q16_o2_sat_hosprec,hospitalization_record,,text,16. O2 sat (%),,,,,,,,,,,,,
q17_comments_hosprec,hospitalization_record,,notes,17. Comments,,,,,,,,,,,,,
q18_respiratory_hosprec,hospitalization_record,,radio,18. Respiratory system,"1, Normal | 2, Abnormal",,,,,,,,,,,,
q19_comments_hosprec,hospitalization_record,,notes,19. Comments,,,,,,,,,,,,,
q20_abdomen_hosprec,hospitalization_record,,radio,20. Abdomen,"1, Normal | 2, Abnormal",,,,,,,,,,,,
q21_comments_hosprec,hospitalization_record,,notes,21. Comments,,,,,,,,,,,,,
q22_spine_hosprec,hospitalization_record,,radio,22. Spine,"1, Normal | 2, Abnormal",,,,,,,,,,,,
q23_comments_hosprec,hospitalization_record,,notes,23. Comments,,,,,,,,,,,,,
q24_other_hosprec,hospitalization_record,,radio,24. Other physical findings,"1, Yes | 2, None",,,,,,,,,,,,
others_specify,hospitalization_record,,text,25. Others specify,,,,,,,[q24_other_hosprec] = '1',,,,,,
q26_admittingdiag_hosprec,hospitalization_record,,checkbox,26. Admitting diagnosis,"1, Infection neonatal | 2, Neonatal skin infection | 3, Neonatal infection mastitis | 4, Other infections specific to newborn period | 5, Tetanus neonatorum | 6, Umbilical sepsis | 7, ABO haemolytic disease of newborn | 8, Rh haemolytic disease of newborn | 9, Bacterial lower respiratory tract infection | 10, Malaria | 11, Urinary tract infection | 12, Sepsis | 13, Diarrhoeal infectious | 14, Failure to thrive | 15, Anaphylactic reaction to vaccine | 16, Vaccine site reaction | 17, Meningitis | 18, Convulsion febrile | 19, Other",,,,,,,,,,,,
infection_neonatal_specify,hospitalization_record,,radio,27. Infection Neonatal Specify,"1, Early onset neonatal sepsis | 2, Or late onset neonatal sepsis | 3, If neonatal jaundice present",,,,,,[q26_admittingdiag_hosprec(1)] = '1',,,,,,
bacterial_lower_respirator,hospitalization_record,,radio,28. Bacterial lower respiratory tract infection ,"1, Bronchopneumonia | 2, lobar pneumonia",,,,,,[q26_admittingdiag_hosprec(9)] = '1',,,,,,
malaria_sfh,hospitalization_record,,notes,29. Malaria (Specify),,,,,,,[q26_admittingdiag_hosprec(10)] = '1',,,,,,
diarrhoeal_specify_hosp,hospitalization_record,,notes,30. Diarrhoeal infectious (specify dehydration),,,,,,,[q26_admittingdiag_hosprec(13)] = '1',,,,,,
faliure_specify_admit,hospitalization_record,,notes,31. Failure to thrive (specify),,,,,,,[q26_admittingdiag_hosprec(14)] = '1',,,,,,
anaphylactic_reaction_to_v,hospitalization_record,,notes,32. Anaphylactic reaction to vaccine (specify),,,,,,,[q26_admittingdiag_hosprec(15)] = '1',,,,,,
vaccine_site_reaction_spec,hospitalization_record,,notes,33. Vaccine site reaction (specify),,,,,,,[q26_admittingdiag_hosprec(16)] = '1',,,,,,
meningitis_specify,hospitalization_record,,notes,34. Meningitis (specify),,,,,,,[q26_admittingdiag_hosprec(17)] = '1',,,,,,
convulsion_febrile_specify,hospitalization_record,,notes,35. Convulsion  febrile (specify),,,,,,,[q26_admittingdiag_hosprec(18)] = '1',,,,,,
other_specify,hospitalization_record,,notes,36. Other (specify),,,,,,,[q26_admittingdiag_hosprec(19)] = '1',,,,,,
q37_final_diagnosis,hospitalization_record,,checkbox,37. Final diagnosis,"1, Infection neonatal | 2, Neonatal skin infection | 3, Neonatal infective mastitis | 4, Other infections specific to newborn period | 5, Tetanus neonatorum | 6, Umbilical sepsis | 7, ABO haemolytic disease of newborn | 8, Rh haemolytic disease of newborn | 9, Bacterial lower respiratory tract infection | 10, Malaria | 11, Urinary Tract Infection | 12, Sepsis | 13, Diarrhoeal infectious | 14, Failure to thrive | 15, Anaphylactic reaction to vaccine | 16, Vaccine site reaction | 17, Meningitis | 18, Convulsion  febrile | 19, Other",,,,,,,,,,,,
q38_finalspecify_hosp,hospitalization_record,,radio,38. Infection neonatal Specify,"1, Early onset neonatal sepsis | 2, Late onset neonatal sepsis | 3, If neonatal jaundice present",,,,,,[q37_final_diagnosis(1)] = '1',,,,,,
q39_rti_final_hosp,hospitalization_record,,radio,39. Bacterial lower respiratory tract infection ,"1, Bronchopneumonia | 2, lobar pneumonia",,,,,,[q37_final_diagnosis(9)] = '1',,,,,,
q40_malaria_sfh,hospitalization_record,,notes,40. Malaria Specify,,,,,,,[q37_final_diagnosis(10)] = '1',,,,,,
q41_diarrhoeal_sf,hospitalization_record,,notes,41. Diarrhoeal infectious  Specify,,,,,,,[q37_final_diagnosis(13)] = '1',,,,,,
q42_failure_specify_final,hospitalization_record,,notes,42. Failure to thrive (specify),,,,,,,[q37_final_diagnosis(14)] = '1',,,,,,
q43_anaphylactic_sf,hospitalization_record,,notes,43. Anaphylactic reaction to vaccine - specify,,,,,,,[q37_final_diagnosis(15)] = '1',,,,,,
q44_vaccine_reac_sf,hospitalization_record,,notes,44. Vaccine site reaction - Specify,,,,,,,[q37_final_diagnosis(16)] = '1',,,,,,
q45_meningitis_sf,hospitalization_record,,notes,45. Meningitis (specify),,,,,,,[q37_final_diagnosis(17)] = '1',,,,,,
q46_convulsion_sf,hospitalization_record,,notes,46. Convulsion  febrile (specify),,,,,,,[q37_final_diagnosis(18)] = '1',,,,,,
q47_other_specify_final,hospitalization_record,,notes,47. Other (specify),,,,,,,[q37_final_diagnosis(19)] = '1',,,,,,
drug_name_1,hospitalization_record,MEDICATIONS USEDTO TREAT EVENT,text,48. Drug Name 1,,,,,,,,,,,,,
route_of_administration,hospitalization_record,,radio,49. Route of administration ,"a, IV | b, IM | c, Subcutaneous | d, Oral | e, Topical (specify) | f, Other (specify)",,,,,,[drug_name_1] <> '',,,,,,
tropical_specify,hospitalization_record,,text,50. Tropical specify,,,,,,,[route_of_administration] = 'e',,,,,,
other_specify_drug1,hospitalization_record,,notes,51. Other Specify,,,,,,,[route_of_administration] = 'f',,,,,,
start_date_drug1,hospitalization_record,,text,52. Start Date,,,date_dmy,,,,[drug_name_1] <> '',,,,,,
end_date,hospitalization_record,,text,53. End Date,,,date_dmy,,,,[drug_name_1] <> '',,,,,,
drug_name_2,hospitalization_record,,text,54. Drug Name 2,,,,,,,,,,,,,
route_drug2,hospitalization_record,,radio,55. Route of administration,"a, IV | b, IM | c, Subcutaneous | d, Oral | e, Topical (specify) | f, Other (specify)",,,,,,[drug_name_2] <> '',,,,,,
tropical1_specify,hospitalization_record,,text,56. Tropical specify,,,,,,,[route_drug2] = 'e',,,,,,
other,hospitalization_record,,notes,57. Other Specify,,,,,,,[route_drug2] = 'f',,,,,,
start_date2,hospitalization_record,,text,58. Start Date ,,,date_dmy,,,,[drug_name_2] <> '',,,,,,
end_date_drug2,hospitalization_record,,text,59. End Date,,,date_dmy,,,,[drug_name_2] <> '',,,,,,
drug_3,hospitalization_record,,text,60. Drug Name 3,,,,,,,,,,,,,
route_drug3,hospitalization_record,,radio,61. Route of administration,"a, IV | b, IM | c, Subcutaneous | d, Oral | e, Topical (specify) | f, Other (specify)",,,,,,[drug_3] <> '',,,,,,
tropical2_specify,hospitalization_record,,notes,62. Tropical specify,,,,,,,[route_drug3] = 'e',,,,,,
other_specify_drug3,hospitalization_record,,notes,63. Other Specify,,,,,,,[route_drug3] = 'f',,,,,,
start_date_drug3,hospitalization_record,,text,64. Start Date,,,date_dmy,,,,[drug_3] <> '',,,,,,
end_date_drug3,hospitalization_record,,text,65. End Date ,,,date_dmy,,,,[drug_3] <> '',,,,,,
drug_4,hospitalization_record,,text,66. Drug Name 4,,,,,,,,,,,,,
route_drug4,hospitalization_record,,radio,67. Route of administration,"a, IV | b, IM | c, Subcutaneous | d, Oral | e, Topical (specify) | f, Other (specify)",,,,,,[drug_4] <> '',,,,,,
tropical3_specify,hospitalization_record,,notes,68. Tropical specify,,,,,,,[route_drug4] = 'e',,,,,,
other_specify_drug4,hospitalization_record,,notes,69. Other Specify,,,,,,,[route_drug4] = 'f',,,,,,
start_date_drug4,hospitalization_record,,text,70. Start Date,,,date_dmy,,,,[drug_4] <> '',,,,,,
end_date_drug4,hospitalization_record,,text,71. End Date,,,date_dmy,,,,[drug_4] <> '',,,,,,
investigations,hospitalization_record,INVESTIGATIONS,yesno,72. Full blood count ,,,,,,,,,,,,,
hb_concentration,hospitalization_record,,text,73. Hb concentration g/dl,,,number,,,,[investigations] = '1',,,,,,
wbc,hospitalization_record,,text,74. WBC x 10/L,,,number,,,,[investigations] = '1',,,,,,
neutrophils,hospitalization_record,,text,75. Neutrophils x 10/L,,,number,,,,[investigations] = '1',,,,,,
lymphocytes,hospitalization_record,,text,76. Lymphocytes  x 10/L,,,number,,,,[investigations] = '1',,,,,,
monocytes,hospitalization_record,,text,77. Monocytes x 10/L,,,number,,,,[investigations] = '1',,,,,,
platelet_count,hospitalization_record,,text,78. Platelet count x 10/L,,,integer,0,999,,[investigations] = '1',,,,,,
blood_culture,hospitalization_record,,yesno,79. Blood culture,,,,,,,,,,,,,
if_yes_findings,hospitalization_record,,radio,"80. If yes, Findings","a, No growth | b, Growth",,,,,,[blood_culture] = '1',,,,,,
growth_specify_organism,hospitalization_record,,notes,"81. Growth (specify organism)
",,,,,,,[if_yes_findings] = 'b',,,,,,
urine_culture,hospitalization_record,,yesno,82. Urine culture ,,,,,,,,,,,,,
if_yes_findings_urine,hospitalization_record,,radio,"83. If yes, findings","a, No growth | b, Growth",,,,,,[urine_culture] = '1',,,,,,
growth_specify_urine,hospitalization_record,,notes,84. Growth (specify organism),,,,,,,[if_yes_findings_urine] = 'b',,,,,,
x_ray_findings,hospitalization_record,,yesno,85. X-ray findings,,,,,,,,,,,,,
if_yes,hospitalization_record,,radio,"86. If yes, findings","a, Normal | b, Abnormal",,,,,,[x_ray_findings] = '1',,,,,,
specify_abnormal_finding,hospitalization_record,,notes,"87. Specify abnormal finding
",,,,,,,[if_yes] = 'b',,,,,,
csf_hosp,hospitalization_record,,radio,88. CSF,"1, Yes | 2, No | 3, Unsuccessful",,,,,,,,,,,,
color,hospitalization_record,,radio,89. Colour,"a, turbid | b, straw colored | c, clear | d, xanthrochromic | e, traumatic | f, other",,,,,,[csf_hosp] = '1',,,,,,
if_other_specify,hospitalization_record,,notes,"90. If other, specify",,,,,,,[color] = 'f',,,,,,
csf_wbc_count,hospitalization_record,,text,91. CSF WBC count  (cells/L x 10) ,,,integer,0,999,,[csf_hosp] = '1',,,,,,
csf_rbc,hospitalization_record,,text,92. CSF RBC (cells x 10),,,integer,0,999,,[csf_hosp] = '1',,,,,,
glucose,hospitalization_record,,text,93. Glucose (mmol/L),,,number,,,,[csf_hosp] = '1',,,,,,
protein,hospitalization_record,,text,94. Protein (g/L),,Enter value to 2 decimal places. e.g. 0.00,number_2dp,,,,[csf_hosp] = '1',,,,,,
csf_culture,hospitalization_record,,radio,95. CSF Culture,"1, No growth | 2, Growth",,,,,,,,,,,,
if_growth_specify_organism,hospitalization_record,,notes,"96. If growth, specify organism",,,,,,,[csf_culture] = '2',,,,,,
serum_electrolytes,hospitalization_record,,yesno,97. Serum electrolytes ,,,,,,,,,,,,,
potassium,hospitalization_record,,text,98. Potassium (mmol/L),,,number,,,,[serum_electrolytes] = '1',,,,,,
sodium,hospitalization_record,,text,99. Sodium  (mmol/L),,,integer,0,999,,[serum_electrolytes] = '1',,,,,,
chloride,hospitalization_record,,text,100. Chloride  (mmol/L),,,integer,0,999,,[serum_electrolytes] = '1',,,,,,
bicarbonate,hospitalization_record,,text,101. Bicarbonate  (mmol/L),,,integer,0,99,,[serum_electrolytes] = '1',,,,,,
calcium,hospitalization_record,,text,102. Calcium (mg/dl),,Enter value to 2 decimal places. e.g. 0.00,number_2dp,,,,[serum_electrolytes] = '1',,,,,,
phosphate,hospitalization_record,,text,103. Phosphate (mg/dl),,,number,,,,[serum_electrolytes] = '1',,,,,,
creatinine,hospitalization_record,,text,104. Creatinine (mmol/L),,,integer,0,999,,[serum_electrolytes] = '1',,,,,,
urea,hospitalization_record,,text,105. Urea  (mg/dl),,,number,,,,[serum_electrolytes] = '1',,,,,,
malaria_parasite,hospitalization_record,,yesno,106. Malaria Parasite,,,,,,,,,,,,,
if_yes_malariaparasite,hospitalization_record,,radio,"107. If yes, findings","1, Positive | 2, Negative",,,,,,[malaria_parasite] = '1',,,,,,
swabs_m_c_s,hospitalization_record,,yesno,108. Swabs M/C/S,,,,,,,,,,,,,
if_yes_specify_type,hospitalization_record,,notes,"109. If YES, (specify type)",,,,,,,[swabs_m_c_s] = '1',,,,,,
findings,hospitalization_record,,radio,110. Findings,"1, No growth | 2, Growth",,,,,,[swabs_m_c_s] = '1',,,,,,
specify_organism_and_sensi,hospitalization_record,,notes,111. Specify organism and sensitivity,,,,,,,[findings] = '2',,,,,,
blood_sugar,hospitalization_record,,yesno,112. Blood sugar,,,,,,,,,,,,,
if_yes_bloodsugar,hospitalization_record,,text,"113. If yes, (mmol/L)",,,number,,,,[blood_sugar] = '1',,,,,,
serum_bilirubin,hospitalization_record,,yesno,114. Serum bilirubin,,,,,,,,,,,,,
total_bilirubin_umol_l,hospitalization_record,,text,115. Total bilirubin (umol/L),,,number,,,,[serum_bilirubin] = '1',,,,,,
conjugated_bilirubin_umol,hospitalization_record,,text,116. Conjugated bilirubin (umol/L),,,number,,,,[serum_bilirubin] = '1',,,,,,
unconjugated_bilirubin_umo,hospitalization_record,,text,117. Unconjugated bilirubin (umol/L),,,number,,,,[serum_bilirubin] = '1',,,,,,
liver_function_test,hospitalization_record,,yesno,118. Liver function test,,,,,,,,,,,,,
total_bilirubin,hospitalization_record,,text,119. Total bilirubin (umol/L),,,number,,,,[liver_function_test] = '1',,,,,,
conjugated_bilirubin,hospitalization_record,,text,120. Conjugated bilirubin (umol/L),,,number,,,,[liver_function_test] = '1',,,,,,
unconjugated_bilirubin,hospitalization_record,,text,121. Unconjugated bilirubin (umol/L),,,number,,,,[liver_function_test] = '1',,,,,,
alt_u_l,hospitalization_record,,text,122. ALT (U/L),,,number,,,,[liver_function_test] = '1',,,,,,
ast_u_l,hospitalization_record,,text,123. AST  (U/L),,,number,,,,[liver_function_test] = '1',,,,,,
ggt_u_l,hospitalization_record,,text,124. GGT  (U/L),,,number,,,,[liver_function_test] = '1',,,,,,
alkp_u_l,hospitalization_record,,text,125. ALKP  (U/L),,,number,,,,[liver_function_test] = '1',,,,,,
total_protein_g_l,hospitalization_record,,text,126. Total protein (g/L),,,number,,,,[liver_function_test] = '1',,,,,,
albumin_g_l,hospitalization_record,,text,127. Albumin (g/L),,,number,,,,[liver_function_test] = '1',,,,,,
globulin_g_l,hospitalization_record,,text,128. Globulin (g/L),,,number,,,,[liver_function_test] = '1',,,,,,
mother_s_blood_group,hospitalization_record,,yesno,129. Mother's blood group,,,,,,,,,,,,,
abo_grouping,hospitalization_record,,radio,130. ABO grouping,"1, AB | 2, A | 3, B | 4, O",,,,,,[mother_s_blood_group] = '1',,,,,,
rhesus_grouping,hospitalization_record,,radio,131. Rhesus grouping,"1, Positive | 2, Negative",,,,,,[mother_s_blood_group] = '1',,,,,,
baby_s_blood_group,hospitalization_record,,yesno,132. Baby's blood group,,,,,,,,,,,,,
abo_grouping_baby,hospitalization_record,,radio,133. ABO grouping,"1, AB | 2, A | 3, B | 4, O",,,,,,[baby_s_blood_group] = '1',,,,,,
rhesus_grouping_baby,hospitalization_record,,radio,134. Rhesus grouping,"1, Positive | 2, Negative",,,,,,[baby_s_blood_group] = '1',,,,,,
direct_coombs_test,hospitalization_record,,yesno,135. Direct coombs test,,,,,,,,,,,,,
if_yes_reslults,hospitalization_record,,radio,"136. If yes, reslults","1, Positive | 2, Negative",,,,,,[direct_coombs_test] = '1',,,,,,
notes,hospitalization_record,,notes,137. Notes,,,,,,,,,,,,,
hospitalisation_outcome,hospitalization_record,,radio,138. Hospitalisation Outcome,"1, Recovered fully | 2, Recovered with sequelae | 3, Died | 4, Left against medical advice | 5, Other",,,,,,,,,,,,
specify_sequelae,hospitalization_record,,notes,139. Specify sequelae,,,,,,,[hospitalisation_outcome] = '2',,,,,,
specify_other,hospitalization_record,,notes,140. Specify other,,,,,,,[hospitalisation_outcome] = '5',,,,,,
date_of_discharge_death,hospitalization_record,,text,141. Date of Discharge/Death,,,date_dmy,,,,,,,,,,
ongoing_at_end_of_study,hospitalization_record,,yesno,142. Ongoing at end of study,,,,,,,,,,,,,
name_of_clinician,hospitalization_record,,text,143. Name of Clinician,,,,,,,,,,,,,
date,hospitalization_record,,text,145. Date ,,,date_dmy,,,,,,,,,,
signature,hospitalization_record,,file,144. Signature,,,signature,,,,,,,,,,
anc_number_conlog,concomitant_medication_form,,text,ANC Number,,,,,,,,,,,,,
part_study_id_conlog,concomitant_medication_form,,text,Participant Study ID,,,,,,,,,,,,,
q1_healthcard_conmed,concomitant_medication_form,,radio,1. Are there any medications on the health card or reported by the mother which have not been entered to the CRF?   ,"1, Yes | 0, No",,,,,,,,,,,,
q2_drug1_conmed,concomitant_medication_form,,text,2. Drug1 (please use generic name),,,,,,,[q1_healthcard_conmed] = '1',,,,,,
q3_indication1_conmed,concomitant_medication_form,,text,3. Indication,,,,,,,[q1_healthcard_conmed] = '1',,,,,,
q4_startdate1_conmed,concomitant_medication_form,,text,4. Start date,,,date_dmy,,,,[q1_healthcard_conmed] = '1',,,,,,
q5_enddate1_conmed,concomitant_medication_form,,text,5. End date,,,date_dmy,,,,[q1_healthcard_conmed] = '1',,,,,,
q6_drug2_conmed,concomitant_medication_form,,text,6. Drug2 (please use generic name),,,,,,,[q1_healthcard_conmed] = '1',,,,,,
q7_indication2_conmed,concomitant_medication_form,,text,7. Indication,,,,,,,[q1_healthcard_conmed] = '1',,,,,,
q8_startdate2_conmed,concomitant_medication_form,,text,8. Start date,,,date_dmy,,,,[q1_healthcard_conmed] = '1',,,,,,
q9_enddate2_conmed,concomitant_medication_form,,text,9. End date,,,date_dmy,,,,[q1_healthcard_conmed] = '1',,,,,,
q10_drug3_conmed,concomitant_medication_form,,text,10. Drug3 (please use generic name),,,,,,,[q1_healthcard_conmed] = '1',,,,,,
q11_indication3_conmed,concomitant_medication_form,,text,11. Indication,,,,,,,[q1_healthcard_conmed] = '1',,,,,,
q12_startdate3_conmed,concomitant_medication_form,,text,12. Start date,,,date_dmy,,,,[q1_healthcard_conmed] = '1',,,,,,
q13_enddate3_conmed,concomitant_medication_form,,text,13. End date,,,date_dmy,,,,[q1_healthcard_conmed] = '1',,,,,,
q14_drug4_conmed,concomitant_medication_form,,text,14. Drug4 (please use generic name),,,,,,,[q1_healthcard_conmed] = '1',,,,,,
q15_indication4_conmed,concomitant_medication_form,,text,15. Indication,,,,,,,[q1_healthcard_conmed] = '1',,,,,,
q16_startdate4_conmed,concomitant_medication_form,,text,16. Start date,,,date_dmy,,,,[q1_healthcard_conmed] = '1',,,,,,
q17_enddate4_conmed,concomitant_medication_form,,text,17. End date,,,date_dmy,,,,[q1_healthcard_conmed] = '1',,,,,,
q18_nursename_conmed,concomitant_medication_form,,text,18. Physician/Nurses Name:,,,,,,,,,,,,,
q19_signature_conmed,concomitant_medication_form,,file,19. Signature ,,,signature,,,,,,,,,,
q20_date_conmed,concomitant_medication_form,,text,20. Date,,,date_dmy,,,,,,,,,,
q21_notes,concomitant_medication_form,,notes,21. Notes,,,,,,,,,,,,,
anc_number_termination,termination_record,,text,ANC Number ,,,,,,,,,,,,,
participant_id_termination,termination_record,,text,1. Participant ID,,,,,,,,,,,,,
has_the_participant_comple,termination_record,,yesno,2. Has the participant completed the study visits,,,,,,,,,,,,,
date_of_last_visit,termination_record,,text,3. Date of Last Visit,,,date_dmy,,,,,,,,,,
choose_reason_for_non_comp,termination_record,,radio,4. Choose Reason for non-completion,"1, Withdrew consent | 2, Loss to follow up | 3, Migrated | 4, Others",,,,,,[has_the_participant_comple] = '0',,,,,,
bi_specify,termination_record,,notes,4b. Specify reason for withdrawal of consent,,,,,,,[choose_reason_for_non_comp] = '1',,,,,,
bii_specify,termination_record,,notes,4b. Specify other reason for non-completion,,,,,,,[choose_reason_for_non_comp] = '4',,,,,,
